Model,Split,n,LogLoss,Δ LogLoss
GlobalMean,Validation,23326,0.6838506243026312,0.15311375924738135
ItemMean,Validation,23326,0.5890047210775594,0.05826785602230955
LogisticRegression,Validation,23326,0.5495591373536487,0.018822272298398834
RandomForest,Validation,23326,0.5415358997295282,0.01079903467427834
XGBoost,Validation,23326,0.5327759636145363,0.002039098559286412
LightGBM,Validation,23326,0.5307368650552499,0.0
DKT,Validation,23326,0.5392428916770063,0.00850602662175648
AKT,Validation,23326,0.5398097092492392,0.009072844193989349
UKT,Validation,23326,0.5410226872859335,0.010285822230683639
TabM,Validation,23326,0.5320931395510734,0.0013562744958235395
