Model,Split,Group,n,LogLoss,CI_low,CI_high
LightGBM,Locked test,0,1754,0.6556637748012877,0.6432225926667319,0.6696482248996585
TabM,Locked test,0,1754,0.6549110441718411,0.6431337115562487,0.6684156598522197
AlphaProg-AGMT,Locked test,0,1754,0.6556022193600844,0.6430462974808961,0.6696082821248964
LightGBM,Locked test,1–8,10488,0.5652861740661337,0.556842051779365,0.5740932829373174
TabM,Locked test,1–8,10488,0.5667408899734797,0.5577986333783854,0.5758129053875878
AlphaProg-AGMT,Locked test,1–8,10488,0.5595678323106297,0.5503612723253681,0.5687989820598265
LightGBM,Locked test,9–32,9608,0.494107386722299,0.4834244712819882,0.5068174494623635
TabM,Locked test,9–32,9608,0.4951170756167206,0.4839235325515265,0.5083729287758896
AlphaProg-AGMT,Locked test,9–32,9608,0.4861011559962458,0.4750782190790294,0.49866618321808154
LightGBM,Locked test,33+,1049,0.4190493509587442,0.3829552070009828,0.45689923431798324
TabM,Locked test,33+,1049,0.4109418104422475,0.3754451923043729,0.44723803930626604
AlphaProg-AGMT,Locked test,33+,1049,0.4077923037183525,0.36888875843029156,0.448371555697683
