Model,Comparator,Split,n,Effect,CI_low,CI_high
AlphaProg-AGMT,GlobalMean,Locked test,22899,0.15495789491672415,0.14827741615084045,0.1612664747020573
AlphaProg-AGMT,ItemMean,Locked test,22899,0.061103580299791856,0.05536949243552441,0.06687284372205374
AlphaProg-AGMT,LogisticRegression,Locked test,22899,0.02759807278703276,0.024739542029968645,0.030459005905281993
AlphaProg-AGMT,RandomForest,Locked test,22899,0.016519672533456903,0.0143355687225931,0.01871358029431101
AlphaProg-AGMT,XGBoost,Locked test,22899,0.007770145251070593,0.006282327848340217,0.009116642593135472
AlphaProg-AGMT,LightGBM,Locked test,22899,0.006498731121301671,0.005363830096167781,0.007582137236751786
AlphaProg-AGMT,DKT,Locked test,22899,0.012450053305526955,0.009629733278315353,0.015742232384230344
AlphaProg-AGMT,AKT,Locked test,22899,0.013448045112588902,0.011252377508127671,0.015755952393996978
AlphaProg-AGMT,UKT,Locked test,22899,0.01585352504374694,0.013543736922852097,0.018255486600920506
AlphaProg-AGMT,TabM,Locked test,22899,0.0071595919365334435,0.005780177843819602,0.00848225425350944
AlphaProg-AGMT,GraphTrajectory,Locked test,22899,-0.0007442455653891132,-0.0019329113702041634,0.000494787285199063
