Model,Split,n,Brier,ECE,Calibration_intercept,Calibration_slope
GraphTrajectory,Locked test,22899,0.17794959247112274,0.007626841313034946,-0.018257631735208585,0.975885736818662
AlphaProg-AGMT,Locked test,22899,0.17820098726372513,0.008652052382124416,-0.0012019226177590716,1.0520703946222678
LightGBM,Locked test,22899,0.1805096851498607,0.009995464721982409,-0.005004690108792254,1.0681991679677607
TabM,Locked test,22899,0.18079333007335663,0.011730761377422228,0.017923258608423653,1.0703797602638487
XGBoost,Locked test,22899,0.18088556826114655,0.014585117424849924,-0.007310321394251121,1.1077363808885266
DKT,Locked test,22899,0.18264666199684143,0.010045139939848829,-0.01840195542096286,0.9545834976759299
AKT,Locked test,22899,0.18312156200408936,0.009645809456585663,0.02896317999491196,1.032780675446985
UKT,Locked test,22899,0.18430452048778534,0.015225996373177278,-0.07499158000626556,0.9918537342547681
RandomForest,Locked test,22899,0.18395013452988654,0.028511876319969286,0.019198610224639426,1.240311805822189
LogisticRegression,Locked test,22899,0.18831685930376996,0.01167960945511998,-0.027492492870626897,0.9808632762610674
ItemMean,Locked test,22899,0.20276934213716885,0.009369743042895326,-0.018281976312967598,1.035816129787611
GlobalMean,Locked test,22899,0.24549186273509985,2.9460032688444215e-05,,
