Model,Split,n,Device,Full_fit_s,Inference_s,Stored_MB
GraphTrajectory,Locked test,22899,MPS,600.2966996670002,6.726827168022282,0.362265
AlphaProg-AGMT,Locked test,22899,CPU + MPS,621.3866543329787,8.170847749104723,5.130436
LightGBM,Locked test,22899,CPU,10.909253751044162,0.7722789159743115,2.386871
TabM,Locked test,22899,MPS,70.77011333208065,1.1784322909079492,0.248602
XGBoost,Locked test,22899,CPU,9.590258750133216,0.21721645805519074,1.789986
DKT,Locked test,22899,MPS,69.22413154190872,1.1750681680859998,0.607538
AKT,Locked test,22899,CPU,2044.2993632080033,13.95089070906397,1.903423
UKT,Locked test,22899,MPS,2626.0940633340506,4.405439749010839,1.599967
RandomForest,Locked test,22899,CPU,20.618527124868706,0.46211287402547896,46.302347
LogisticRegression,Locked test,22899,CPU,32.481782331946306,0.10823891696054488,0.035428
ItemMean,Locked test,22899,CPU,,0.0005799171049147844,0.003614
GlobalMean,Locked test,22899,CPU,,0.0005648749647662044,0.003614
