Model,Split,n,LogLoss,CI_low,CI_high
GraphTrajectory,Locked test,22899,0.5284014704677981,0.5210549361877145,0.5361012084290587
AlphaProg-AGMT,Locked test,22899,0.5291457160331872,0.5222211246094901,0.5364475924833348
LightGBM,Locked test,22899,0.5356444471544889,0.5289448866281043,0.542784451959514
TabM,Locked test,22899,0.5363053079697206,0.5294205949833499,0.543313277949473
XGBoost,Locked test,22899,0.5369158612842578,0.5303345339813205,0.5438055777336508
DKT,Locked test,22899,0.5415957693387141,0.5344626113559833,0.5495066351101741
AKT,Locked test,22899,0.5425937611457761,0.5356549491116929,0.5497873650635513
UKT,Locked test,22899,0.5449992410769341,0.5383373898771985,0.5521382421892289
RandomForest,Locked test,22899,0.5456653885666441,0.5395821446914509,0.5523042482501676
LogisticRegression,Locked test,22899,0.5567437888202199,0.5498844178380304,0.5640713185419939
ItemMean,Locked test,22899,0.5902492963329791,0.5830687757748902,0.5980340239826786
GlobalMean,Locked test,22899,0.6841036109499115,0.6814526378889136,0.6869848399629799
