Model,Split,n,Runs,Seed_SD,Worst_seed_LogLoss,Macro_learner_LogLoss
GraphTrajectory,Locked test,22899,3,0.0002543135875181327,0.5306322020562593,0.5649496548129235
AlphaProg-AGMT,Locked test,22899,3,0.00035307775893185533,0.5301447753426343,0.5634962690569079
LightGBM,Locked test,22899,3,0.00016395976594046788,0.5360422475596089,0.5686828798335044
TabM,Locked test,22899,3,0.00045263520271227297,0.5378040936355499,0.5679986223340218
XGBoost,Locked test,22899,3,0.00013636691646545335,0.537232799270349,0.5693706078433074
DKT,Locked test,22899,3,0.0003796938497171256,0.5456541053314178,0.5794990278073922
AKT,Locked test,22899,3,0.0017592921813655822,0.5467252532163037,0.5740014521998303
UKT,Locked test,22899,3,0.0018674661738358504,0.5496949362648675,0.5754085513757737
RandomForest,Locked test,22899,3,0.00022710330655934414,0.5460194990089009,0.5742850781835735
LogisticRegression,Locked test,22899,3,0.0,0.5567437888202199,0.6032381100444901
ItemMean,Locked test,22899,1,0.0,0.5902492963329791,0.6226386424883127
GlobalMean,Locked test,22899,1,0.0,0.6841036109499115,0.6810815121907369
