Model,Split,n,AUROC,AP
GraphTrajectory,Locked test,22899,0.8050713025995512,0.7411664942688287
AlphaProg-AGMT,Locked test,22899,0.804693689933803,0.7410836707384993
LightGBM,Locked test,22899,0.7995507031523981,0.7349698276567322
TabM,Locked test,22899,0.798672904605108,0.7347295283147426
XGBoost,Locked test,22899,0.798823020574433,0.7347180689157291
DKT,Locked test,22899,0.7947319292658275,0.7313106542101337
AKT,Locked test,22899,0.7934945639747899,0.7269723476266224
UKT,Locked test,22899,0.7909357407944978,0.7233422104598773
RandomForest,Locked test,22899,0.7937319070793647,0.7296088009474057
LogisticRegression,Locked test,22899,0.7803910222695534,0.7066682306037638
ItemMean,Locked test,22899,0.7394849838352664,0.6342902315195159
GlobalMean,Locked test,22899,0.5,0.4328573300144111
